title,year,duration
Soul Deep,1969,148.03546
Something Girls,1982,233.40363
Face the Ashes,2007,209.60608
Pink World,1984,269.81832
Tonight Will Be Alright,1986,307.3824
Floating,1987,491.12771
Caught In A Dream,2004,290.29832
Setting Fire to Sleeping Giants,2004,207.77751
James (Hold The Ladder Steady),1985,124.86485
I Think My Wife Is Running Around On Me (Taco Hell),2005,186.48771
Spanish Grease,1997,168.25424
Crazy Mixed Up World,1961,156.39465
Do You Finally Need A Friend,1972,342.56934
Twist and Shout,1964,164.80608
It Makes No Difference Now,1992,133.32853
A?DA3nde va Chichi?,1997,313.12934
Spin,2007,198.73914
Burning In The Aftermath,2003,95.68608
Human Cannonball,1995,190.48444
Glory Be,2004,277.78567
Crossfire,1992,248.78975
I Can't Be Satisfied,2002,195.3171
Nashville Parthenon,2006,175.72526
Cocain Ducks,1995,217.23383
Human Being,1974,344.05832
The More I See You,2009,251.42812
Certain Things We Do,1997,269.7922
Forming,1977,206.05342
Driving Home For Christmas,1986,241.162
Spooks In Space,1966,122.64444
Tous Les GarASSons Et Les Filles,1985,207.0722
Too Much Saturn,1995,300.79955
Movement 4 [from Kiss] (Album Version),1997,228.46649
Deform (live),2000,165.61587
Wicker Chair,2003,187.92444
Stickin In My Eye,1992,144.50893
Entre CanAbales,1990,246.69995
Rosemary Recalls,1985,84.03546
Sudanese Dance,2000,273.52771
Wanna Be A Player,1997,161.38404
Let's Get It Started,2004,229.61587
Metal,2000,426.89261
It's My Party,1963,136.48934
Complicate It,2001,233.27302
Monde De Fou,2005,187.24526
You Feel Good All Over,2002,194.11546
Indian Love Call,1990,195.91791
You Can Still Be Free,1999,118.33424
I Never Came,2005,288.41751
Commercial Reign,1990,283.76771
WKYA (drop),2001,124.18567
Mangos,1961,223.4771
Openbare Weg,2006,177.81506
President Johnson,2000,385.33179
Lead Me Lord,1995,324.44036
I Want You (Forever),1991,357.82485
Hate,1997,198.3473
I Can't Stop Loving You,2005,261.95546
Thank You Lord,1985,176.27383
Candy Man,1971,239.59465
On Bended Knee,1994,329.27302
Little Girl (LP Version),1971,283.21914
Niev nietch nievitch,1999,254.06649
White Feather,2009,212.37506
Christlike Roche,1995,338.33751
They Say (Album),2007,193.4624
Crawl Before You Ball (Album Version),1999,234.762
Medicate Myself,2001,292.8322
Biding Her Time,1990,241.10975
In This Life,2009,210.36363
Groovin' In The Midnight,1991,301.81832
Waiting,1997,416.80934
Hell,2005,117.002
I Got Over It (Album Version),1988,203.98975
Te Hacen Falta Vitaminas,1984,225.12281
Christmas In Jamaica,2001,219.01016
Gossippo Perpetuo,2001,127.9473
The Vitalized Shell,2010,240.74404
Mozart,1989,192.20853
Lend Me Your Chopper,2004,215.30077
Letter To Heaven,1971,155.21914
Inside Job,2006,428.56444
The Czar: Usurper/Escape/Martyr/Spiral (Album Version),2009,654.28853
Born and Raised In Compton,1991,205.58322
Relax,2009,203.83302
Orgofart,1986,140.66893
Bitch Is Back,1988,201.09016
Naked Albino,1998,254.79791
Cooler Than You,1998,124.15955
Summer Dying Fast,1994,321.35791
The Frail,1999,168.56771
Para Milladoiro,2010,350.71955
Snowball,2005,190.24934
(We Don't Need This) Fascist Groove Thang,1981,255.16363
Going Down Slow,2000,187.53261
Silent Hill,2009,329.35138
Master Of Disharmony,1996,282.53995
(This Is Not A) Love Song (Live),1983,388.28363
What Are We Here For,1997,345.93914
